user_id,first_name,last_name,email,country,ip_address,gender,job_title,full_name
1,Lois,Rivera,lrivera0@bravesites.com,United States,117.83.197.114,F,Management,Lois Rivera
2,Steven,Romero,sromero1@edublogs.org,Mexico,21.145.52.57,M,Human Resources,Steven Romero
3,Roy,Gordon,rgordon2@cnet.com,China,97.241.136.201,M,Information Technology,Roy Gordon
4,Joshua,Smith,jsmith3@hibu.com,France,84.80.143.14,M,Management,Joshua Smith
5,Jacqueline,Bailey,jbailey4@sitemeter.com,Armenia,151.167.141.67,F,Health Care,Jacqueline Bailey
6,Mark,Cook,mcook5@alexa.com,Japan,65.207.176.123,M,Health Care,Mark Cook
7,Deborah,Lee,dlee6@symantec.com,China,68.100.250.101,F,Management,Deborah Lee
8,Dennis,Patterson,dpatterson7@marketwatch.com,China,118.10.76.78,M,Human Resources,Dennis Patterson
9,Lori,Alexander,lalexander8@people.com.cn,Honduras,240.76.80.77,F,Health Care,Lori Alexander
10,Irene,Elliott,ielliott9@e-recht24.de,Ecuador,221.229.91.244,F,Management,Irene Elliott
11,Bruce,Stone,bstonea@a8.net,China,144.117.100.31,M,Health Care,Bruce Stone
12,David,Gibson,dgibsonb@smugmug.com,Indonesia,148.203.156.115,M,Information Technology,David Gibson
13,Willie,Rodriguez,wrodriguezc@nymag.com,Greece,126.50.150.126,M,Health Care,Willie Rodriguez
14,Charles,Willis,cwillisd@myspace.com,Slovenia,69.172.72.72,M,Health Care,Charles Willis
15,Christine,Adams,cadamse@gizmodo.com,Russia,155.239.135.208,F,Health Care,Christine Adams
16,Kelly,Hanson,khansonf@microsoft.com,Indonesia,240.23.251.60,F,Information Technology,Kelly Hanson
17,Ruth,Hughes,rhughesg@auda.org.au,Indonesia,195.162.103.211,F,Health Care,Ruth Hughes
18,Ernest,Kelly,ekellyh@goo.ne.jp,Vietnam,19.110.76.68,M,Information Technology,Ernest Kelly
19,Keith,Powell,kpowelli@baidu.com,Brazil,105.121.142.72,M,Management,Keith Powell
20,Thomas,Barnes,tbarnesj@google.cn,China,26.155.206.85,M,Health Care,Thomas Barnes
21,Joyce,Edwards,jedwardsk@sbwire.com,China,63.130.212.249,F,Management,Joyce Edwards
22,Steve,Powell,spowelll@discovery.com,China,73.54.191.192,M,Human Resources,Steve Powell
23,Juan,Nguyen,jnguyenm@example.com,Japan,96.152.163.124,M,Information Technology,Juan Nguyen
24,Martha,Rose,mrosen@noaa.gov,China,6.174.72.206,F,Education,Martha Rose
25,Lois,Morgan,lmorgano@deviantart.com,China,212.51.139.203,F,Education,Lois Morgan
26,Gary,Sullivan,gsullivanp@ezinearticles.com,Egypt,225.62.222.79,M,Health Care,Gary Sullivan
27,Lisa,Hamilton,lhamiltonq@webeden.co.uk,Russia,149.241.76.212,F,Management,Lisa Hamilton
28,Marilyn,Montgomery,mmontgomeryr@discovery.com,Sweden,113.188.147.14,F,Information Technology,Marilyn Montgomery
29,Keith,Burton,kburtons@amazon.de,Indonesia,82.8.100.18,M,Information Technology,Keith Burton
30,Doris,Lawrence,dlawrencet@ask.com,Iraq,170.118.73.100,F,Health Care,Doris Lawrence
31,Margaret,Jacobs,mjacobsu@yandex.ru,Portugal,122.242.95.145,F,Health Care,Margaret Jacobs
32,Norma,Howell,nhowellv@myspace.com,Indonesia,0.65.51.230,F,Human Resources,Norma Howell
33,Steven,Scott,sscottw@un.org,Poland,178.79.54.121,M,Information Technology,Steven Scott
34,Jeremy,Frazier,jfrazierx@freewebs.com,Russia,223.151.102.185,M,Management,Jeremy Frazier
35,Gregory,Stewart,gstewarty@about.com,Indonesia,38.33.240.191,M,Information Technology,Gregory Stewart
36,Anthony,Fuller,afullerz@dedecms.com,Zimbabwe,227.213.151.78,M,Human Resources,Anthony Fuller
37,Shawn,Marshall,smarshall10@123-reg.co.uk,Philippines,14.26.182.31,M,Education,Shawn Marshall
38,Sandra,Burton,sburton11@imgur.com,British Virgin Islands,144.49.73.50,F,Education,Sandra Burton
39,Fred,Carpenter,fcarpenter12@state.gov,Botswana,88.232.139.110,M,Human Resources,Fred Carpenter
40,Tammy,Barnes,tbarnes13@pcworld.com,Thailand,108.93.252.72,F,Management,Tammy Barnes
41,Ernest,Owens,eowens14@quantcast.com,Indonesia,176.158.166.208,M,Information Technology,Ernest Owens
42,Stephanie,Robinson,srobinson15@ft.com,Indonesia,224.84.123.251,F,Education,Stephanie Robinson
43,Susan,Wallace,swallace16@samsung.com,Central African Republic,246.15.173.221,F,Health Care,Susan Wallace
44,Paula,Webb,pwebb17@mac.com,Mayotte,68.16.242.206,F,Health Care,Paula Webb
45,Dorothy,Meyer,dmeyer18@stumbleupon.com,China,92.185.216.192,F,Human Resources,Dorothy Meyer
46,Bonnie,Tucker,btucker19@com.com,China,137.116.154.204,F,Education,Bonnie Tucker
47,Paul,Wallace,pwallace1a@pen.io,Russia,5.184.138.212,M,Management,Paul Wallace
48,Howard,Sanchez,hsanchez1b@scribd.com,China,189.92.131.216,M,Human Resources,Howard Sanchez
49,Andrea,Cooper,acooper1c@upenn.edu,Japan,113.73.251.26,F,Human Resources,Andrea Cooper
50,Justin,Gordon,jgordon1d@europa.eu,China,196.252.166.246,M,Management,Justin Gordon
51,Randy,Ruiz,rruiz1e@dagondesign.com,United States,247.32.199.85,M,Management,Randy Ruiz
52,Sandra,Alvarez,salvarez1f@weebly.com,Mexico,199.237.58.15,F,Health Care,Sandra Alvarez
53,Jason,Lynch,jlynch1g@cbc.ca,Nicaragua,52.252.24.173,M,Information Technology,Jason Lynch
54,Randy,Johnson,rjohnson1h@google.nl,China,243.114.182.141,M,Information Technology,Randy Johnson
55,Donna,Nichols,dnichols1i@ask.com,Indonesia,38.158.183.46,F,Management,Donna Nichols
56,Kevin,Nichols,knichols1j@cafepress.com,China,81.105.231.138,M,Information Technology,Kevin Nichols
57,Joseph,Reid,jreid1k@chron.com,Sweden,179.18.175.129,M,Information Technology,Joseph Reid
58,Evelyn,Howell,ehowell1l@studiopress.com,France,7.16.76.97,F,Information Technology,Evelyn Howell
59,Melissa,Roberts,mroberts1m@usnews.com,China,143.188.121.25,F,Health Care,Melissa Roberts
60,Johnny,Kim,jkim1n@mac.com,Bolivia,80.58.200.0,M,Information Technology,Johnny Kim
61,Nicole,Shaw,nshaw1o@si.edu,China,23.207.45.125,F,Health Care,Nicole Shaw
62,Mark,Romero,mromero1p@weebly.com,China,226.7.141.179,M,Human Resources,Mark Romero
63,Chris,Gonzales,cgonzales1q@nasa.gov,China,202.249.147.53,M,Management,Chris Gonzales
64,Emily,Baker,ebaker1r@loc.gov,China,208.54.226.24,F,Education,Emily Baker
65,Catherine,Spencer,cspencer1s@networksolutions.com,Russia,17.26.14.183,F,Information Technology,Catherine Spencer
66,Patricia,Johnson,pjohnson1t@yahoo.com,Egypt,102.21.175.182,F,Management,Patricia Johnson
67,Randy,Williams,rwilliams1u@columbia.edu,Czech Republic,4.51.15.227,M,Health Care,Randy Williams
68,Jack,Cooper,jcooper1v@cbc.ca,Madagascar,217.145.145.70,M,Information Technology,Jack Cooper
69,Gloria,Stanley,gstanley1w@artisteer.com,Brazil,84.246.160.93,F,Human Resources,Gloria Stanley
70,Clarence,Ray,cray1x@vkontakte.ru,Indonesia,173.98.197.133,M,Education,Clarence Ray
71,Nancy,Garcia,ngarcia1y@statcounter.com,China,165.222.166.241,F,Human Resources,Nancy Garcia
72,Russell,Arnold,rarnold1z@mapy.cz,Argentina,122.110.238.231,M,Education,Russell Arnold
73,Carol,Watkins,cwatkins20@accuweather.com,China,100.235.177.148,F,Education,Carol Watkins
74,Sharon,Graham,sgraham21@squidoo.com,Ukraine,31.226.104.83,F,Information Technology,Sharon Graham
75,Karen,West,kwest22@va.gov,Russia,127.149.15.125,F,Information Technology,Karen West
76,Kathleen,Schmidt,kschmidt23@ucla.edu,United States,218.102.168.38,F,Health Care,Kathleen Schmidt
77,Alan,Wallace,awallace24@themeforest.net,Thailand,11.0.206.219,M,Health Care,Alan Wallace
78,Betty,Mendoza,bmendoza25@zdnet.com,Sierra Leone,126.12.11.184,F,Management,Betty Mendoza
79,Dennis,Thomas,dthomas26@fema.gov,China,190.180.143.244,M,Health Care,Dennis Thomas
80,Shawn,Chapman,schapman27@phoca.cz,New Zealand,152.162.9.47,M,Information Technology,Shawn Chapman
81,Cynthia,Stone,cstone28@xinhuanet.com,Philippines,227.244.95.80,F,Health Care,Cynthia Stone
82,Linda,Murphy,lmurphy29@sciencedaily.com,Indonesia,207.238.144.254,F,Information Technology,Linda Murphy
83,Diana,Richards,drichards2a@typepad.com,Tajikistan,90.196.107.250,F,Information Technology,Diana Richards
84,Christine,Mccoy,cmccoy2b@purevolume.com,Denmark,110.217.250.223,F,Health Care,Christine Mccoy
85,Julie,Warren,jwarren2c@usda.gov,Indonesia,123.158.147.246,F,Human Resources,Julie Warren
86,Kenneth,Vasquez,kvasquez2d@techcrunch.com,Indonesia,55.84.75.22,M,Health Care,Kenneth Vasquez
87,Patrick,Graham,pgraham2e@taobao.com,Peru,99.12.97.23,M,Information Technology,Patrick Graham
88,Sandra,Robinson,srobinson2f@state.tx.us,Iran,33.199.24.189,F,Health Care,Sandra Robinson
89,Jean,Garrett,jgarrett2g@hubpages.com,Nigeria,157.230.252.153,F,Health Care,Jean Garrett
90,Ronald,Henderson,rhenderson2h@cpanel.net,Philippines,98.156.204.204,M,Information Technology,Ronald Henderson
91,Rebecca,Snyder,rsnyder2i@amazon.co.jp,Cambodia,233.147.65.239,F,Health Care,Rebecca Snyder
92,Kevin,Wilson,kwilson2j@sun.com,Ukraine,24.2.199.67,M,Human Resources,Kevin Wilson
93,Gary,Fowler,gfowler2k@51.la,Cyprus,49.205.102.124,M,Education,Gary Fowler
94,George,Weaver,gweaver2l@sina.com.cn,Czech Republic,246.109.137.57,M,Health Care,George Weaver
95,Todd,Scott,tscott2m@addtoany.com,China,20.204.94.173,M,Human Resources,Todd Scott
96,Anna,Burns,aburns2n@squidoo.com,Nigeria,134.69.188.76,F,Information Technology,Anna Burns
97,Jennifer,Reyes,jreyes2o@shop-pro.jp,China,102.46.193.166,F,Education,Jennifer Reyes
98,Willie,Lane,wlane2p@delicious.com,Zambia,189.65.221.144,M,Management,Willie Lane
99,Gregory,Carr,gcarr2q@addthis.com,Russia,65.24.136.235,M,Health Care,Gregory Carr
100,Shawn,Greene,sgreene2r@elpais.com,Peru,222.50.84.104,M,Education,Shawn Greene
101,Carlos,Henderson,chenderson2s@t-online.de,France,233.199.253.48,M,Management,Carlos Henderson
102,James,Meyer,jmeyer2t@cargocollective.com,Indonesia,255.162.90.188,M,Education,James Meyer
103,Eric,Watson,ewatson2u@youtu.be,Tanzania,75.139.248.49,M,Education,Eric Watson
104,Harry,Hansen,hhansen2v@theglobeandmail.com,Sweden,131.225.74.23,M,Education,Harry Hansen
105,Gerald,Lewis,glewis2w@cafepress.com,Czech Republic,21.144.90.214,M,Human Resources,Gerald Lewis
106,Matthew,Coleman,mcoleman2x@quantcast.com,Thailand,175.164.73.175,M,Management,Matthew Coleman
107,Philip,Montgomery,pmontgomery2y@mapquest.com,Philippines,42.126.30.211,M,Human Resources,Philip Montgomery
108,Barbara,Cole,bcole2z@about.com,Madagascar,54.177.170.204,F,Information Technology,Barbara Cole
109,Donna,Welch,dwelch30@google.com.br,Mexico,102.150.73.60,F,Information Technology,Donna Welch
110,Phillip,Dixon,pdixon31@google.nl,China,246.205.244.53,M,Health Care,Phillip Dixon
111,Brandon,White,bwhite32@nytimes.com,Czech Republic,178.221.42.254,M,Education,Brandon White
112,Gregory,Peterson,gpeterson33@java.com,Cameroon,87.234.123.6,M,Education,Gregory Peterson
113,Arthur,Griffin,agriffin34@umich.edu,China,213.211.206.214,M,Human Resources,Arthur Griffin
114,Stephen,Evans,sevans35@craigslist.org,Sweden,249.6.247.218,M,Education,Stephen Evans
115,Lori,Powell,lpowell36@google.com.br,Cuba,223.41.40.65,F,Information Technology,Lori Powell
116,Eric,Perez,eperez37@narod.ru,Iran,102.122.187.142,M,Information Technology,Eric Perez
117,Amy,Ray,aray38@baidu.com,China,200.57.243.198,F,Management,Amy Ray
118,Louise,Garrett,lgarrett39@wired.com,Argentina,142.8.108.214,F,Management,Louise Garrett
119,Alice,Thompson,athompson3a@mozilla.org,Indonesia,144.56.99.185,F,Information Technology,Alice Thompson
120,Brenda,Hughes,bhughes3b@wordpress.org,China,26.109.36.75,F,Health Care,Brenda Hughes
121,Edward,Elliott,eelliott3c@amazon.de,Russia,91.114.113.141,M,Management,Edward Elliott
122,Carl,Dixon,cdixon3d@fc2.com,Israel,127.182.27.20,M,Management,Carl Dixon
123,Deborah,Allen,dallen3e@ucoz.ru,Iran,223.44.153.160,F,Human Resources,Deborah Allen
124,Barbara,Payne,bpayne3f@myspace.com,China,60.124.229.73,F,Management,Barbara Payne
125,Laura,Price,lprice3g@omniture.com,China,115.101.203.4,F,Education,Laura Price
126,Larry,Gilbert,lgilbert3h@cornell.edu,Serbia,87.101.55.19,M,Management,Larry Gilbert
127,Charles,Payne,cpayne3i@vistaprint.com,Serbia,198.61.0.232,M,Education,Charles Payne
128,Timothy,Jenkins,tjenkins3j@drupal.org,Macedonia,49.80.220.5,M,Management,Timothy Jenkins
129,Mark,Porter,mporter3k@washington.edu,China,191.64.190.184,M,Health Care,Mark Porter
130,Carolyn,Hanson,chanson3l@sciencedaily.com,Philippines,97.227.154.89,F,Health Care,Carolyn Hanson
131,Robin,Miller,rmiller3m@ihg.com,Zambia,139.177.155.253,F,Health Care,Robin Miller
132,Denise,Rogers,drogers3n@icio.us,China,217.54.75.71,F,Management,Denise Rogers
133,Tina,Sullivan,tsullivan3o@furl.net,Democratic Republic of the Congo,208.67.238.55,F,Management,Tina Sullivan
134,Patricia,Scott,pscott3p@wufoo.com,Pakistan,71.246.144.127,F,Human Resources,Patricia Scott
135,Donald,Stewart,dstewart3q@hc360.com,Poland,50.112.184.135,M,Human Resources,Donald Stewart
136,Mary,Mendoza,mmendoza3r@webmd.com,Indonesia,20.45.156.36,F,Health Care,Mary Mendoza
137,Lisa,Roberts,lroberts3s@businessinsider.com,Lithuania,188.101.72.218,F,Management,Lisa Roberts
138,Nicole,Rivera,nrivera3t@si.edu,Kenya,118.16.67.24,F,Human Resources,Nicole Rivera
139,Louise,Ellis,lellis3u@hud.gov,Thailand,232.83.89.68,F,Management,Louise Ellis
140,Kevin,Matthews,kmatthews3v@eepurl.com,United States,141.36.152.119,M,Information Technology,Kevin Matthews
141,James,Phillips,jphillips3w@seattletimes.com,Bulgaria,117.20.75.55,M,Health Care,James Phillips
142,Mildred,Morris,mmorris3x@marriott.com,Sudan,115.205.224.32,F,Health Care,Mildred Morris
143,Douglas,Carpenter,dcarpenter3y@thetimes.co.uk,Poland,114.47.144.91,M,Human Resources,Douglas Carpenter
144,Fred,Nguyen,fnguyen3z@nifty.com,Costa Rica,48.189.74.85,M,Information Technology,Fred Nguyen
145,Ann,Cole,acole40@diigo.com,China,107.125.205.191,F,Health Care,Ann Cole
146,Angela,Morris,amorris41@ycombinator.com,Czech Republic,225.205.115.208,F,Information Technology,Angela Morris
147,Rose,Rose,rrose42@washingtonpost.com,Poland,16.130.145.201,F,Information Technology,Rose Rose
148,Annie,Harvey,aharvey43@usnews.com,Brazil,180.54.230.237,F,Health Care,Annie Harvey
149,Frances,Woods,fwoods44@blog.com,Yemen,141.68.79.62,F,Human Resources,Frances Woods
150,Gerald,Chavez,gchavez45@google.com,Yemen,99.136.155.30,M,Information Technology,Gerald Chavez
151,Lori,James,ljames46@soundcloud.com,China,30.126.171.141,F,Management,Lori James
152,Ronald,Meyer,rmeyer47@census.gov,Palestinian Territory,255.4.24.72,M,Health Care,Ronald Meyer
153,Wayne,Murphy,wmurphy48@oracle.com,Russia,78.87.64.88,M,Information Technology,Wayne Murphy
154,Joe,Ross,jross49@wikimedia.org,United States,8.54.250.140,M,Information Technology,Joe Ross
155,Teresa,Jones,tjones4a@google.ca,Norway,213.32.151.185,F,Human Resources,Teresa Jones
156,Alice,Jackson,ajackson4b@google.com,Russia,103.89.203.83,F,Information Technology,Alice Jackson
157,Alan,Ryan,aryan4c@typepad.com,Venezuela,113.164.140.107,M,Management,Alan Ryan
158,Paula,Wheeler,pwheeler4d@cnn.com,Russia,235.254.145.0,F,Health Care,Paula Wheeler
159,Sara,Hamilton,shamilton4e@blogs.com,Indonesia,26.126.4.149,F,Education,Sara Hamilton
160,Frances,Pierce,fpierce4f@infoseek.co.jp,Mauritius,12.73.37.172,F,Health Care,Frances Pierce
161,Kathryn,Price,kprice4g@plala.or.jp,Indonesia,95.60.23.68,F,Information Technology,Kathryn Price
162,John,Thomas,jthomas4h@uol.com.br,Brazil,178.14.79.234,M,Information Technology,John Thomas
163,Linda,Griffin,lgriffin4i@rakuten.co.jp,Chile,127.253.112.126,F,Health Care,Linda Griffin
164,Willie,Lee,wlee4j@uol.com.br,China,62.119.104.14,M,Information Technology,Willie Lee
165,Mildred,Edwards,medwards4k@quantcast.com,South Africa,156.224.119.208,F,Information Technology,Mildred Edwards
166,Brenda,Hart,bhart4l@creativecommons.org,Greenland,9.161.12.7,F,Health Care,Brenda Hart
167,Dorothy,Grant,dgrant4m@discovery.com,New Zealand,126.62.233.77,F,Human Resources,Dorothy Grant
168,Joyce,Bryant,jbryant4n@last.fm,United States,28.142.157.103,F,Health Care,Joyce Bryant
169,Matthew,Welch,mwelch4o@surveymonkey.com,Thailand,110.1.74.8,M,Health Care,Matthew Welch
170,Antonio,Turner,aturner4p@nasa.gov,Russia,142.152.147.211,M,Health Care,Antonio Turner
171,Gary,James,gjames4q@flickr.com,Moldova,174.152.65.181,M,Human Resources,Gary James
172,Philip,Wells,pwells4r@fotki.com,Kyrgyzstan,70.75.193.106,M,Management,Philip Wells
173,Angela,Wallace,awallace4s@gmpg.org,Russia,30.254.242.219,F,Information Technology,Angela Wallace
174,Arthur,Gordon,agordon4t@engadget.com,Brazil,142.241.96.55,M,Health Care,Arthur Gordon
175,Jean,Jordan,jjordan4u@friendfeed.com,Jordan,190.103.235.160,F,Health Care,Jean Jordan
176,Judith,Simpson,jsimpson4v@etsy.com,Philippines,16.200.54.218,F,Management,Judith Simpson
177,Ryan,Young,ryoung4w@samsung.com,China,129.91.123.0,M,Management,Ryan Young
178,Jason,Davis,jdavis4x@about.me,Swaziland,157.179.1.45,M,Information Technology,Jason Davis
179,Frances,Austin,faustin4y@wikipedia.org,Egypt,134.203.227.250,F,Health Care,Frances Austin
180,Victor,Stewart,vstewart4z@upenn.edu,China,217.149.29.116,M,Health Care,Victor Stewart
181,Douglas,Gomez,dgomez50@harvard.edu,Venezuela,14.142.181.250,M,Health Care,Douglas Gomez
182,Johnny,Elliott,jelliott51@cdc.gov,Netherlands,219.60.59.197,M,Information Technology,Johnny Elliott
183,Nicholas,Williamson,nwilliamson52@yale.edu,Japan,30.229.115.255,M,Management,Nicholas Williamson
184,Angela,Edwards,aedwards53@prlog.org,Philippines,176.248.48.76,F,Management,Angela Edwards
185,Andrew,Owens,aowens54@1und1.de,Portugal,189.27.93.68,M,Health Care,Andrew Owens
186,Patricia,Reid,preid55@issuu.com,France,7.248.91.46,F,Information Technology,Patricia Reid
187,Howard,Stevens,hstevens56@netlog.com,Ukraine,173.254.167.208,M,Information Technology,Howard Stevens
188,Lori,Taylor,ltaylor57@reuters.com,Greece,108.32.13.39,F,Education,Lori Taylor
189,Clarence,Morales,cmorales58@va.gov,Argentina,115.128.140.185,M,Information Technology,Clarence Morales
190,Evelyn,Bradley,ebradley59@sun.com,United States,242.125.254.100,F,Management,Evelyn Bradley
191,Walter,Ross,wross5a@moonfruit.com,Indonesia,12.112.166.254,M,Information Technology,Walter Ross
192,Bruce,Stanley,bstanley5b@usgs.gov,Reunion,252.204.202.223,M,Management,Bruce Stanley
193,Harold,Hamilton,hhamilton5c@nsw.gov.au,Mongolia,164.7.65.215,M,Health Care,Harold Hamilton
194,Billy,Boyd,bboyd5d@simplemachines.org,Bangladesh,59.102.43.101,M,Management,Billy Boyd
195,Frank,Cook,fcook5e@1und1.de,Indonesia,36.190.50.198,M,Health Care,Frank Cook
196,Terry,Armstrong,tarmstrong5f@exblog.jp,China,159.233.181.94,M,Health Care,Terry Armstrong
197,Ralph,Bennett,rbennett5g@oracle.com,Estonia,234.150.135.197,M,Information Technology,Ralph Bennett
198,Walter,Burton,wburton5h@unc.edu,China,178.234.238.1,M,Health Care,Walter Burton
199,Louis,Nguyen,lnguyen5i@prnewswire.com,United States,17.27.166.150,M,Health Care,Louis Nguyen
200,Julia,Carr,jcarr5j@cnbc.com,Brazil,50.194.52.153,F,Human Resources,Julia Carr
