ПП 2016,ПП 2015,Наименование компании,Бренды,Сайт,Ключевые собственники,Регион,Отрасль,"Вырчука, 2016 г.","Выручка, 2015 г.",Чистая прибыль 2016 г.,Чистая прибыль 2015 г.,Налог на прибыль 2016 г.,Налог на прибыль 2015 г.,"Оплата труда, 2016 г.","Оплата труда, 2015 г.","Инвестиции в ОС, 2016 г.","Инвестиции в ОС, 2015 г."
1,1,Газпром Нефть,Газпром Нефть,gazpromNAneft.ru,ПАО Газпром,СПб,ТЭК,1695764,1655775,209725,116198,49814,29252,10537,12671,323854,314511
2,3,Дочерние газостранспортные общества ПАО Газпром,Газпром,gazprom.ru,ПАО Газпром,СЗФО,ТЭК,884803,853476,NA,NA,3816,7047,23208,21442,11361,20746
3,2,Банк ВТБ,ВТБ,vtb.ru,РФ (субъект РФ),СПб,Финансовые организации,774366,917723,69088,49140,12788,9594,NA,NA,NA,NA
4,10,Агроторг,Пятерочка,пятёрочка.рф,Холдинг X5,СПб,FMCG ритейл,481713,228909,10568,499,0,2139,50412,16858,40898,24084
5,4,Северсталь,Северсталь,severstal.com,Иностранные компании (Кипр),Вол. Обл.,Металлургия,366563,421235,102173,37044,6118,10542,22615,16083,41815,20006
6,9,Лента,Лента,lentainvestor.com,"Free float, TPG, ЕБРР",СПб,FMCG ритейл,306352,252763,11895,9402,3346,2580,15465,12738,54257,31379
7,8,Объединенная судостроительная корпорация,ОСК,oaoosk.ru,РФ (субъект РФ),СПб,Судостроение,301940,279226,3183,5373,5039,7764,1176,835,4250,NA13504
8,6,Ростелеком,Ростелеком,rt.ru,"РФ (субъект РФ), Мобител",СПб,Телекоммуникации,297446,297355,12249,14391,4692,2436,79983,79963,56950,65568
9,5,КИТ Финанс,КИТ Финанс,brokerkf.ru,NA,СПб,Финансовые организации,291773,336874,30,376,421,208,277,257,11,23
10,7,"Дочерние общества 
ПАО Лукойл",Лукойл,lukoil.com,ПАО Лукойл,СЗФО,ТЭК,285531,291728,40749,32181,6773,8533,15299,10570,83724,86827
11,12,О'Кей,О'кей,okeyinvestors.ru,"Иностранные компании, free float",СПб,FMCG ритейл,174083,161260,NA1282,897,53,337,14051,12638,5740,2309
12,40,Стройгазконсалтинг,¾,sgc.ru,Иностранные компании (Кипр),СПб,Промышленное строительство,153019,40121,NA6567,NA6422,0,NA,725,NA,0,NA
13,13,НоватэкNAУсть-Луга,Новатэк,novatek.ru,ПАО Новатэк,Лен. Обл.,ТЭК,152589,142714,11556,13387,2176,2548,698,647,4252,553
14,11,Стройтранснефтегаз,¾,stg.ru,"ALKOR HOLDINGS, Великобритания",СПб,Промышленное строительство,120844,188342,8103,10532,1094,4042,2810,2470,4099,1000
15,16,Дочерние компании международной корпорации Hyundai,"Hyundai 
Mobis 
Clovis","hyundai.ru
mobiscis.ru
glovis.net",Корпорация Hyundai,СПб,Автомобилестроение,116946,103250,8594,NA4052,77,87,3942,3421,12192,4290
16,19,Петербургская Сбытовая Компания,ПСК,pesc.ru,ПАО Интер РАО,СПб,Энергоснабжение,114804,96663,563,514,504,0,1325,931,223,187
17,17,Группа ИЛИМ,ИЛИМ,ilimgroup.ru,"Ilim Holding Sa, Швейцария",СПб,Деревообрабатывающая промышленность,111690,102526,26,14,2521,0,14841,12686,30137,10013
18,20,Филип Моррис Ижора,Philip Morris,pmintl.com,Корпорация Philip Morris,Лен. Обл.,Табачная промышленность,103312,88608,31906,30488,8085,7745,2075,1894,1701,1671
19,14,"Дочерние общества 
ПАО Фосагро","Фосагро 
Апатит 
Метахим",phosagro.ru,ПАО Фосагро,СЗФО,Химическая промышленность,102928,106737,50308,39733,13160,9354,10748,9237,32380,52455
20,22,Группа ЛСР,ЛСР,lsrgroup.ru,"Молчанов А.Ю., free float",СПб,Жилищное строительство,98072,86830,9163,10646,3435,3317,13134,12547,3140,3120
21,18,Ниссан Мэнуфэктуринг Рус,Nissan,nissan.ru,Корпорация Nissan,СПб,Автомобилестроение,96695,97038,NA13763,NA12125,0,41,2286,2509,1827,4564
22,23,Пивоваренная Компания Балтика,Балтика,baltika.ru,"Karlsberg, Швеция",СПб,АПК,90525,86608,14308,12031,3165,3954,6530,8000,3112,2600
23,15,Акрон,Акрон,acron.ru,Иностранные компании (Люксембург),Нов. Обл.,Химическая промышленность,89359,106055,27148,16706,5962,3854,4524,2830,6545,14818
24,21,Трансойл,Трансойл,transoil.com,Иностранные компании (Кипр),СПб,ЖДNAтранспорт,85438,87095,11355,13253,2048,3413,1729,1462,2087,388
25,25,ТГКNA1,ТГКNA1,tgc1.ru,"ПАО Газпром, Fortum",СПб,Энергоснабжение,78891,69424,5324,5826,1142,1637,3180,3501,8949,9620
26,24,ТД Интерторг,"7Я семьЯ, идеЯ, SPAR",7NAya.ru,Иностранные компании (Монако),Лен. Обл.,FMCG ритейл,77619,71239,1703,552,274,117,2021,1979,NA,1299
27,26,ПО Севмаш,Севмаш,sevmash.ru,РФ (субъект РФ),Арх. Обл.,Судостроение,74274,62530,5720,7218,1324,2817,23274,20441,4593,6224
28,41,АК Россия,"Россия, Аэрофлот",rossiyaNAairlines.comru,ПАО Аэрофлот,СПб,Авиатранспорт,73189,38755,905,818,25,0,5972,4635,480,250
29,32,Петро,JTI,jti.com,Корпорация JTI,СПб,Табачная промышленность,64883,47275,12516,10653,2353,2063,1925,1622,2559,2381
30,27,АБ Россия,Банк Россия,abr.ru,"Ковальчук Ю.В., Шамалов Н.Т.",СПб,Финансовые организации,63706,56559,4001,3020,2087,816,NA,NA,NA,NA
31,28,Дочерние общества ОАО Сургутнефтегаз,"КИНЕФ
Киришиавтосервис",kinef.ru,ОАО Сургутнефтегаз,СЗФО,ТЭК,62223,56532,NA,NA,167,260,7538,7002,17160,15465
32,35,Setl Group,"Setl, Петербургская недвижимость",setlgroup.ru,"Шубарев М.В., Изак Я.Л., Еременко И.А.",СПб,Жилищное строительство,61348,45193,5817,4327,990,1227,1188,1463,NA,NA
33,50,БашнефтьNAПолюс,Башнефть,bashneft.ru,"ПАО АНК Башнефть, ПАО Лукойл",НАО,ТЭК,60603,34320,2935,1670,0,9,1269,793,20836,20094
34,29,Дочение общества ПАО Россети,"МРСК СевероNAЗапад
Ленэнерго","lenenergo.ru
mrsksevzap.ru",ПАО Россети,СЗФО,Энергоснабжение,59022,42370,7703,815,1164,2006,12852,11750,20386,9110
35,30,Банк СанктNAПетербург,Банк СанктNAПетербург,bspb.ru,Иностранные компании (Кипр),СПб,Финансовые организации,57265,55565,2295,2282,2555,1806,NA,NA,NA,NA
36,34,Монди СЛПК,Mondi,mondigroup.com,Иностранная компания (Нидерланды),Коми,Деревообрабатывающая промышленность,54929,46468,5153,15005,1200,588,3209,3056,3787,1543
37,31,Бритиш Американ Тобакко NA СПб,BAT,batrussia.ru,Корпорация BAT,СПб,Табачная промышленность,53950,48809,3734,5207,900,1320,1601,1407,3865,2666
38,37,Силовые машины,Силовые машины,powerNAm.ru,Иностранные компании (Кипр),СПб,Энергомашиностроение,48120,41071,NA961,343,1,443,6476,6464,588,482
39,38,Нокиан шина,Nokian Tyres,nokiantyres.ru,"Nokian Renkaat Oyj, Финляндия",Лен. Обл.,Химическая промышленность,46432,40820,11612,9985,2219,1963,255,223,59,75
40,42,Орими Трейд,"Jardin, Жокей, Greenfield и др.",orimi.com,"Евневич А.А., Касьяненко С.С., Тюшкевич И.П.",Лен. Обл.,АПК,44924,37713,3604,4925,462,248,1360,NA,1172,NA
41,36,Ленгазспецстрой,ЛГСС,lgssNAspb.ru,"Стройгазмонтаж, Иностранные компании (Кипр)",СПб,Промышленное строительство,44313,41483,1358,119,28,75,2844,3341,1451,804
42,33,Кольская ГМК,Норильский Никель,kgmk.ru,ГМК Норильский Никель,Мурм. Обл.,Металлургия,43759,46912,5265,12315,1009,3221,12068,7965,4616,4885
43,43,Интернешнл Пейпер,SvetoCopy,internationalpaper.com,Иностранная компания (Нидерланды),Лен. Обл.,Деревообрабатывающая промышленность,42445,36451,6835,6329,1323,1259,1714,1590,1420,1185
44,53,Тихвинский вагоностроительный завод,ТВСЗ,tvsz.ru,Иностранные компании (Кипр),Лен. Обл.,Машиностроение,41780,30816,2693,NA2943,0,0,5161,2525,262,88
45,45,Автотор,"Автотор, BMW, Hyundai, Kia",avtotor.ru,NA,Калин. Обл.,Автомобилестроение,41287,36037,1175,NA1917,0,0,249,8,52,0
46,48,СодружествоNAСоя,Содружетсво,sodrugestvo.ru,Иностранная компания (Дания),Калин. Обл.,АПК,40982,34994,2572,NA162,0,0,626,495,130,117
47,46,Дочерние общества АО МХК Еврохим,"Еврохим
Ковдорский ГОК
Фосфорит",eurochemgroup.com,АО МХК Еврохим,СЗФО,Химическая промышленность,39730,36031,14863,11176,3544,130,4670,3052,5507,6106
48,39,Юлмарт,Юлмарт,investors.ulmart.ru,Граждане России,СПб,FMCG ритейл,39149,40242,NA261,289,28,222,930,999,301,134
49,49,Мултон,"Rich, Добрый, Моя Семья и др.",multon.ru,Иностранные компании (Кипр),СПб,АПК,39044,34364,2095,1277,12,22,997,832,271,1493
50,NA,Терем,Терем,NA,Магид В.М.,СПб,Жилищное строительство,38134,NA,4541,NA,381,NA,NA,NA,NA,NA
51,58,ВАД,ВАД,zaovad.ru,Граждане России,Вол. Обл.,Промышленное строительство,36649,28261,906,389,395,112,4578,2460,0,0
53,57,Дочерние общества ПАО Транснефть,Транснефть,transneft.ru,"ПАО Транснефть, Госсобственность",СЗФО,Трубопроводный транспорт,36414,28298,4388,6561,1815,2840,6354,5224,28397,15174
52,55,Концерн ТитанNA2,ТитанNA2,titan2.ru,Граждане России,Лен. Обл.,Промышленное строительство,36399,29999,616,NA14,30,14,1291,709,220,199
54,52,Виктория Балтия,Дикси,victoriaNAgroup.ru,Иностранные компании (Кипр),Калин. Обл.,FMCG ритейл,36343,31340,544,NA1147,133,177,3787,3567,615,846
55,54,Аромалюкс,Рив Гош,parfumNAstandard.ru,Иностранные компании (Кипр),СПб,FMCG ритейл,35451,30635,1114,1443,205,375,3030,2594,1322,270
56,59,ТЭК СПб,ГУП ТЭК СПб,gptek.spb.ru,РФ (субъект РФ),СПб,Энергоснабжение,35122,26509,252,NA288,449,213,4106,3635,3846,3133
57,61,Рольф Эстейт СанктNAПетербург,Рольф,rolfNAlahta.ru,Иностранные компании (Кипр),СПб,Торговля автомобилями,34037,25175,462,559,121,150,1887,1683,275,213
58,68,Дочерние общества ГК Ренейссанс,Ренейссанс,rencons.com,Корпорация Ренейссанс,СЗФО,Промышленное строительство,33262,21984,1068,942,329,245,2487,1987,0,0
59,NA,Логитэк,Логитэк,logitec.ru,Ковалев А.В.,СПб,Автотранспорт,33005,NA,72,NA,NA,NA,NA,NA,NA,NA
60,74,Петербургский метрополитен,Петербургский метрополитен,spbmetropoliten.ru,РФ (субъект РФ),СПб,Городской транспорт,32557,18832,866,NA270,354,157,11126,10034,4168,2741
61,51,Эталон ЛенспецСМУ,"ЛенспецСМУ, Эталон",lenspecsmu.ru,Иностранные компании (Кипр),СПб,Жилищное строительство,31957,31654,5985,6026,1275,1563,881,790,3138,440
62,126,БСХ Бытовые Приборы,"Bosch, Siemens 
и др.",bshNAgroup.com,"BSH Hausgerate GmbH, Германия",СПб,IT и приборостроение,30964,10118,NA426,NA531,168,0,1019,701,1927,310
63,44,ОФ ПТК,ПТК,ptk.ru,Медведева В.В.,СПб,Торговля нефтепродуктами,30457,36424,38,28,12,8,32,32,0,0
64,60,Водоканал СанктNAПетербург,Водоканал СанктNAПетербург,vodokanal.spb.ru,РФ (субъект РФ),СПб,Энергоснабжение,30193,26003,34,NA2414,602,17,4719,4590,7590,7878
65,64,СТД Петрович,СТД Петрович,tdp.ru,"Мельников А.А., Березкин А.М., Березкин Е.А.",СПб,DIY ритейл,29811,23394,1296,1093,331,296,2406,1347,557,108
66,75,Якобс дау эгбертс Рус,Jacobs,jacobsmonarch.com,"YAKOBS DAU EGBERTS, Нидерланды",Лен. Обл.,АПК,28773,18655,3016,1437,844,848,1507,802,1394,405
67,66,Балтийский лизинг,Балтийский лизинг,baltlease.ru,Граждане России,СПб,Финансовые организации,26667,22967,740,701,201,194,726,573,31,18
68,63,Архангельский ЦБК,Архангельский ЦБК,appm.ru,"Pulp Mill Holding GmbH, Австрия",Арх. Обл.,Деревообрабатывающая промышленность,26525,23980,5604,5003,856,1337,2738,1958,3428,1532
69,47,Гознак,Гознак,goznak.ru,РФ (субъект РФ),СПб,Деревообрабатывающая промышленность,24611,35972,1846,6109,413,1659,4597,7294,2599,6496
70,67,Метрострой,Метрострой,vcmet.ru,"РФ (субъект РФ), Александров А.Н.",СПб,Промышленное строительство,24449,22269,125,406,76,109,1630,954,275,1037
71,70,УстьNAЛуга Ойл,УстьNAЛуга Ойл,ustlugaoil.ru,Бокарев А.Р.,Лен. Обл.,ЖДNAтранспорт,23762,21700,18316,3781,2327,0,1005,1266,435,1132
72,56,Магистраль Северной Столицы,Западный скоростной диаметр (ЗСД),nchNAspb.ru,"ВТБ, Газпромбанк",СПб,Промышленное строительство,23590,28992,3495,446,0,0,274,216,18982,21467
73,72,ГК Артис,"Артис, Арла, Сельцо, Молочная культура",artisgroup.ru,Граждане России,СЗФО,АПК,23366,19987,NA,NA,62,42,394,345,46,194
74,73,Ригли,Wrigley,wrigley.com,Wm. Wrigley Jr. Company (США),СПб,АПК,22125,19868,2075,1561,561,501,1777,1753,686,423
75,83,Деловые  Линии,Деловые Линии,dellin.ru,Иностранные компании (Кипр),СПб,Автотранспорт,21637,17215,162,84,192,23,841,938,172,215
76,77,Карелия Палп,Karjalapulp,karjalapulp.com,"Владимирова Т.Н., Попов А.В.",СПб,Деревообрабатывающая промышленность,21341,18337,313,382,147,102,123,90,0,0
77,62,ПФ ВИС,ВИС,pfvis.ru,"Снегуров И.А., УК ВИС",Лен. Обл.,Промышленное строительство,19965,24789,2814,2512,642,863,1003,NA,14,NA
78,71,БалтТрансСервис,БалтТрансСервис,bts.ru,Иностранные компании (Кипр),СПб,ЖДNAтранспорт,19312,21645,4264,5724,1085,1471,653,561,17,22
79,79,Птицефабрика Северная,ПФ Северная,pcrc.spb.runewsinform,"AgroNAInvest Brinky B.V., Нидерланды",Лен. Обл.,АПК,19306,18181,1736,2359,18,39,1215,1081,143,213
80,85,Максидом,Максидом,maxidom.ru,Евневич А.А. и др.,СПб,DIY ритейл,18924,17031,1805,2758,442,635,1625,1595,3580,1596
81,80,РНNAСеверная нефть,Роснефть,sevneft.ru,ПАО НК Роснефть,Коми,ТЭК,18440,17885,9043,9430,1905,2344,2108,1973,902,417
82,82,Несте СанктNAПетербург,NESTE,neste.ru,"Neste Oyj, Финляндия",СПб,Торговля нефтепродуктами,18328,17634,1069,948,319,290,717,644,147,78
83,84,Фацер,"Fazer, Хлебный дом",fazer.ru,Корпорация Fazer,СПб,АПК,18257,17145,812,NA300,190,7,2606,1413,304,259
84,87,X5 Недвижимость,"X5, Перекресток, Карусель",x5.ru,Холдинг Х5,СПб,FMCG ритейл,17572,16025,1441,2254,0,294,NA,NA,NA,NA
85,86,Филиалы ПАО РЕСОNAГарантия,РЕСО,reso.ru,Холдинг РЕСО,СЗФО,Финансовые организации,17360,16222,NA,NA,NA,NA,1119,1210,NA,NA
86,88,Великолукский мясокомбинат,Великолукский мясокомбинат,vlmkNAretail.ru,Подвальный В.А.,Псков. Обл.,АПК,17250,15737,807,NA1105,0,0,381,348,213,98
87,105,Архангельскгеологодобыча,Архангельскгеологодобыча,agddiamond.ru,АО Открытие холдинг,Арх. Обл.,Добыча полезных ископаемых,17116,11966,2893,NA244,321,1,1513,1174,344,915
88,95,Севзапмедторг,"Аптека ""Озерки""",6030000.ru,Иностранные компании (Кипр),СПб,Торговля фармацевтической продукцией,16583,13161,487,294,120,82,1123,553,0,13
89,111,ГОЗ,Обуховский завод,goz.ru,ВКО АлмазNAАнтей,СПб,Металлургия,15946,11385,178,154,0,0,3040,2368,665,1264
90,81,БТК Групп,"ФОСП, BTC",fosp.ru,Боллоев Т.К.,СПб,Легкая промышленность,15869,17649,569,1606,236,368,1339,2401,77,107
91,89,ОДКNAКлимов,Климов,klimov.ru,АО ОДК,СПб,Энергомашиностроение,15213,15212,484,484,191,117,1921,1633,793,704
92,98,Национальная спутниковая компания,Триколор,tricolor.tv,Граждане России,СПб,Телекоммуникации,15188,12704,2350,3452,606,875,474,297,1247,504
93,106,Боксит Тимана,Русал,rusal.ru,Русал,Коми,Металлургия,14744,11885,779,963,154,727,445,295,595,606
94,93,Сегежский ЦБК,Segezha,scbk.ru,АФК Система,Карелия,Деревообрабатывающая промышленность,14251,13482,1946,2617,487,0,864,909,4284,585
95,90,Воздушные ворота Северной столицы,Аэропорт Пулково,pulkovoairport.ru,Иностранные компании (Кипр),СПб,Авиатранспорт,14240,14028,2691,353,0,0,3289,3463,177,2503
96,110,Бауцентр Рус,Бауцентр,baucenter.ru,"Гаврилов М.Г., Давыдова И.Ю.",Калин. Обл.,DIY ритейл,14199,11410,464,115,95,2,969,879,671,236
97,116,Нефтетранспорт,NA,NA,"TRANSGROUP INVEST AS, Эстония",СПб,ЖДNAтранспорт,14099,10770,1740,762,442,172,138,116,20,835
98,125,Сименс технологии газовых турбин,Siemens,siemens.com,Корпорация Siemens,Лен. Обл.,Энергомашиностроение,14018,10123,1938,1585,715,554,858,791,424,1606
99,92,КNAРаута Рус,КNAРаута,kNArauta.rustroymarket,"КNAРАУТА, Финляндия",СПб,DIY ритейл,13797,13561,NA817,NA492,0,0,1,1,0,0
100,97,Невская Косметика,Невская Косметика,nevcos.ru,"Плесовских В.А., Кононов В.Н. и др.",СПб,Химическая промышленность,13549,12738,3084,3007,680,716,815,746,392,438
101,69,ГСИ ВНЗМNAК,ГлобалстройNAИнжиниринг,globse.com,ГлобалстройNAИнжиниринг,Коми,Промышленное строительство,13537,21745,4152,1719,32,31,428,463,88,24
102,122,ЭККОNAРос,Ecco,eccoNAshoes.ru,"Севагин А.Г., Штопель И.Э.",Нов. Обл.,Fashion ритейл,13031,10318,1916,NA46,0,0,2227,2013,51,101
103,94,Супервэйв групп,SuperWave,superwave.ru,Силкин В.В. и др.,Лен. Обл.,Торговля электрооборудованием,12993,13169,28,73,21,20,165,106,25,123
104,119,Торговый Дом БМЗ,Белорусский металлургический завод,belsteel.com,"БМЗ, Белоруссия, Колоско С.Т.",СПб,Торговля металлами,12846,10346,471,384,120,102,55,39,92,10
105,180,Петербургский тракторный завод,Кировец,kirovetsNAptz.com,Кировский Завод,СПб,Машиностроение,12398,7002,2564,862,186,0,1578,1001,1171,211
106,127,Петербургская продовольственная корпорация,HEINZ,heinzketchup.ru,"HEINZ INVESTMENTS, Кипр",СПб,АПК,12336,10117,NA48,NA20,57,117,755,657,61,11
107,102,Мэлон Фэшн Груп,"befree, ZARINA, LOVE REPUBLIC",melonfashion.ru,Иностранные компании (Кипр),СПб,Fashion ритейл,12291,12285,171,1169,26,138,1196,1121,736,252
108,65,Балтстрой,Балтстрой,zaobs.com,Граждане России,СПб,Промышленное строительство,12112,23379,NA156,177,0,53,357,244,3,27
109,157,Кнауф Петроборд,Knauf,knaufpetroboard.ru,Корпорация KNAUF (Германия),Лен. Обл.,Производство строительных материалов,12107,7999,1631,974,439,402,1228,1241,69,1461
110,132,Горэлектротранс СПб,NA,electrotrans.spb.ru,РФ (субъект РФ),СПб,Городской транспорт,12082,9707,350,NA228,114,0,5909,4961,1089,715
111,131,ГК Аладушкин Групп,Аладушкин,mill.ru,Иностранная компания (Великобритания),СПб,АПК,11925,9788,807,1169,343,240,413,367,24,21
112,107,Коми энергосбытовая компания,NA,komiesc.ru,"Т Плюс, Паршина Н.Л., Осипова Е.В. и др.",Коми,Энергоснабжение,11861,11795,NA271,14,20,55,318,216,14,4
113,117,АгроNAАльянс,АгроNAАльянс,agroNAal.ru,Иностранные компании (Кипр),СПб,АПК,11718,10491,312,318,39,2,166,149,21,128
114,121,Пассажиравтотранс СПБ,NA,avokzal.ru,РФ (субъект РФ),СПб,Городской транспорт,11684,10329,240,NA86,0,0,7072,4254,1159,625
115,130,ФК ЗЕНИТ,ФК Зенит,fcNAzenit.ru,Газпромбанк,СПб,Индустрия развлечений,11661,9970,5607,229,4,0,10348,6873,2747,1364
116,137,Приморский торговый порт,NA,ptport.ru,ПАО НМТП,Лен. Обл.,Морской транспорт,11657,9259,8090,6364,1626,1043,476,441,852,76
117,142,Биокад,Биокад,biocad.ru,Иностранные компании (Кипр),СПб,Химическая промышленность,11477,9049,5051,4395,770,652,1886,1168,641,732
118,148,Эра Эйч Пи Си Дистрибьюшн,Улыбка Радуги,rNAulybka.ru,Граждане России,СПб,FMCG ритейл,11400,8729,93,73,28,19,110,99,0,26
119,164,СПб Красный Октябрь,NA,koavia.com,NA,СПб,Машиностроение,11366,7773,2155,2201,584,445,NA,NA,NA,NA
120,120,Янтарьэнергосбыт,NA,yantarenergosbyt.ru,Россети,Калин. Обл.,Энергоснабжение,11276,10336,NA28,3,0,0,169,166,0,4
121,124,Боровичский комбинат огнеупоров,БРП,borovichiNAnov.ru,"РФ (субъект РФ), Граждане России",Нов. Обл.,Производство строительных материалов,11218,10214,1117,943,168,160,2401,2264,500,537
122,140,Пеноплэкс СПб,Пеноплекс,penoplex.ru,"Катков А.Л., МедиаNAинвест и другие",СПб,Производство строительных материалов,11037,9105,70,NA2,0,0,785,753,194,592
123,101,Санторин,БалтБет,baltbet.ru,Викторова Л.Н.,СПб,Индустрия развлечений,10916,"12,329","1,174",NA898,1,4,395,423,34,10
124,118,Теле2NAСанкт-Петербург,Теле2,t2NArus-holding.ru,"Tele2 Russia, Швеция, ПАО Ростелеком",СПб,Телекоммуникации,10914,10414,774,1178,120,342,213,204,3424,1832
125,135,Концепт Груп,"Concept club, Acoola и др.",conceptgroup.ru,Иностранные компании (Кипр),СПб,Легкая промышленность,10889,9436,NA1007,133,0,47,1190,1107,60,155
126,100,Дочерние общества ГК Любавушка,Полушка,lubavushka.ru,Иностранная компания (Виргинские острова),Лен. Обл.,FMCG ритейл,10881,12405,101,61,29,15,536,607,82,186
127,161,Дом одежды,Zenden,zenden.ru,Павлов А.В.,Нов. Обл.,Fashion ритейл,10857,7839,849,542,213,138,254,170,4,0
128,147,ПКП Титан,NA,titangroup.ru,Иностранные компании (Кипр),Арх. Обл.,Деревообрабатывающая промышленность,10668,8779,675,185,90,19,116,101,167,206
129,128,ЮПМNAКЮММЕНЕ,UPM,upmNAkymmene.com,"UPMNAKYMMENE, Финляндия",СПб,Деревообрабатывающая промышленность,10570,10074,102,327,72,129,215,220,7,27
130,158,В КОНТАКТЕ,Вконтакте,vk.com,"МЭЙЛ.РУ ГРУП, ООО",СПб,IT и приборостроение,10529,7943,3039,1910,762,495,520,490,135,792
131,154,Август,oodji,oodji.com,Гарбузов Д.И.,СПб,Легкая промышленность,10522,8265,549,1284,0,0,1124,1274,21,13
132,115,ЭнергоNAСтрой,NA,energostroy.ru,Иностранная компания (ЕС),СПб,Промышленное строительство,10364,10893,555,110,133,22,1122,666,0,0
133,172,ТД Экополимеры,ekopet,ekopet.ru,Группа Сафмар,Калин. Обл.,Химическая промышленность,10350,7255,355,NA660,0,0,60,75,0,0
134,112,Призма,Prisma,prismamarket.ru,SOK Retail Int. Oy (Финляндия),СПб,FMCG ритейл,10183,11101,NA565,NA748,0,0,576,673,41,24
135,NA,Комплексные энергетические решения,NA,cNAes.org,"Макарова Т.В., Тюменев В.А.",СПб,Промышленное строительство,10167,2835,55,6,34,11,586,115,17,0
136,113,Мурманский Траловый Флот,NA,mtf.ru,NA,Мурм. Обл.,Морской транспорт,10121,10945,2161,1400,507,522,1364,1671,444,173
137,143,Минимакс,Минимакс,minimaks.ru,Петров А.А.,СПб,Торговля электрооборудованием,10058,9048,403,302,105,87,884,592,7,7
138,159,Великолукский свиноводческий комплекс,NA,NA,Граждане России,Псков. Обл.,АПК,10047,7931,2949,1884,2,0,145,108,3281,4587
139,149,Концерн НПО Аврора,NA,avrorasystems.com,РФ (субъект РФ),СПб,IT и приборостроение,10012,8728,705,621,170,48,2958,3660,399,606
140,165,ДЛNAТранс,NA,dlNAtrans.ru,Иностранные компании (Кипр),СПб,Автотранспорт,9960,7765,215,76,41,44,1432,822,92,35
141,134,Тиккурила,"Tikkurila, FinnColor",finncolor.ru,Tikkurila Oyj (Финляндия),СПб,Химическая промышленность,9939,9604,NA80,NA55,36,9,929,858,136,169
142,177,Питерформ,Cosma,NA,Cosym Holding AG (Австрия),СПб,Автомобилестроение,9921,7149,21,144,40,11,943,828,4981,1781
143,145,РКСNAэнерго,NA,rksNAenergo.ru,"Бобылев Н.Ю., Халиков Р.Ш.",Лен. Обл.,Энергоснабжение,9908,8895,108,95,18,35,174,246,0,0
144,NA,ЦФ Руссия,ZF,zf.com,ZF FRIEDRICHSHAFEN AG (Германия),СПб,Торговля автомобилями,9863,6058,354,76,92,22,125,4,110,2
145,104,Атомпроект,NA,atomproekt.com,Росатом,СПб,Промышленное строительство,9768,12027,1105,NA1647,121,41,4084,5057,175,143
146,133,Амкор ТП Новгород,Amcor,amcor.com,Корпорация Amcor,Нов. Обл.,Деревообрабатывающая промышленность,9735,9605,2191,2011,561,515,410,358,146,247
147,129,Сыктывкарский фанерный завод,NA,sevnb.ru,Иностранные компании (Кипр),Коми,Производство строительных материалов,9724,10020,1855,2336,421,492,912,854,251,280
148,189,Инчкейп Олимп,NA,toyotaNAdealer.ru,Иностранная компания (Нидерланды),СПб,Торговля автомобилями,9697,6820,NA419,74,61,25,374,376,32,31
149,139,АЭМNAтехнологии,Атомэнергомаш,aemtech.ru,Росатом,СПб,Энергомашиностроение,9649,9138,NA2514,NA3128,396,509,2534,2384,266,739
150,153,СОВКОМФЛОТ,СОВКОМФЛОТ,scfNAgroup.com,РФ (субъект РФ),СПб,Морской транспорт,9592,8355,868,5973,68,46,1342,888,47919,45484
151,114,Первый контейнерный терминал,Global Ports,fct.ruabout,Иностранные компании (Кипр),СПб,Морской транспорт,9485,10920,7134,4124,1960,1580,774,654,0,0
152,155,Вологодский оптикоNAмеханический завод,NA,shvabe.com,"Швабе, Ростех",Вол. Обл.,IT и приборостроение,9434,8085,1196,808,334,261,1390,1109,610,362
153,166,Б.БРАУН Медикал,B.Braun,bbraun.ru,B. Braun Melsungen AG (Германия),СПб,Торговля фармацевтической продукцией,9399,7681,668,267,174,70,893,756,0,152
154,91,Невский мазут,Невский мазут,nevaoil.ru,Неклюдов С.В.,СПб,ТЭК,9271,13940,79,45,18,12,19,21,0,0
155,NA,Крыловский ГНЦ,NA,krylovNAcenter.ru,РФ (субъект РФ),СПб,IT и приборостроение,9220,5603,61,NA194,0,104,2634,2590,634,1140
156,NA,Мираторг Запад,Мираторг,miratorg.ru,ГК Мираторг,Калин. Обл.,АПК,9213,5670,2272,520,0,0,367,386,32,0
157,108,Совэкс,Совэкс,sovex.ru,Граждане России,СПб,Торговля нефтепродуктами,9109,11781,269,665,75,206,159,178,6,13
158,150,Каравай,Каравай,karavay.spb.ru,Тютюнников Н.И.,СПб,АПК,8947,8600,NA138,98,19,81,1302,1239,64,54
159,136,Мебель Стиль,МебельСтиль,mebelstyle.ru,Граждане России,Калин. Обл.,Производство строительных материалов,8809,9272,12,6,3,3,104,144,0,0
160,181,ВичюнайNAРусь,"Vici, Columbus и др.",viciunaigroup.eu,VICIUNU GRUPE UAB (Литва),Калин. Обл.,АПК,8716,6991,244,259,133,102,646,529,24,47
161,156,ТНСNAЭнерго Великий Новгород,ТНСNAЭнерго,NA,ПАО ГК ТНС Энерго,Нов. Обл.,Энергоснабжение,8682,8004,5,12,1,1,138,130,7,0
162,141,Юникс,Юникс,junix.ru,"Рындевич Д.В., Трифоненков М.П.",Лен. Обл.,Промышленное строительство,8631,9101,59,234,45,64,2496,1349,71,99
163,183,Крес  Нева,NA,NA,Корпорация JTI,Лен. Обл.,Табачная промышленность,8517,6970,921,1123,236,284,110,106,127,66
164,194,Спектр,NA,milkexim.ru,Микитичева М.Б.,СПб,АПК,8461,6712,167,69,42,17,36,33,0,0
165,96,ТД АгроNAЛайн,АгроNAЛайн,agroNAline.ru,Храмцова А.В.,СПб,ВШН,8457,12994,25,15,2,2,17,24,0,0
166,76,РЭП Холдинг,"Невский завод, Электропульт",reph.ru,Газпромбанк,СПб,Машиностроение,8375,18353,NA4287,NA1088,0,0,430,NA,55,NA
167,123,ГВСУ №3,NA,mil.ruvoenstroy.htm,РФ (субъект РФ),СПб,Промышленное строительство,8345,10297,NA3340,5,0,21,2711,2298,2,237
168,197,ЛОЭСК,ЛОЭСК,loesk.ru,"Сердюков В.В., Симонов Д.С., Леноблимущество",Лен. Обл.,Энергоснабжение,8327,6512,1610,1503,452,367,1276,1294,3451,2909
169,199,Концерн ЦНИИ Электроприбор,NA,elektropribor.spb.ru,РФ (субъект РФ),СПб,IT и приборостроение,8326,6434,474,371,66,49,3229,2551,1152,899
170,NA,ЗвездаNAЭнергетика,NA,energostar.com,Иностранные компании (Кипр),СПб,Энергомашиностроение,8314,6055,151,119,77,110,580,814,4,7
171,160,Вира,NA,NA,Граждане России,СПб,Жилищное строительство,8258,7928,87,60,25,17,514,NA,0,NA
172,109,Стройкомплект,Стройкомплект,stkNAspb.ru,Орлов М.Н.,СПб,Жилищное строительство,8155,11453,163,95,46,32,325,190,0,0
173,NA,ПетерNAСервис,Peter Service,billing.ru,Иностранные компании (Кипр),СПб,IT и приборостроение,8055,6224,3836,2902,904,615,1720,1431,317,197
174,167,Мурманскэнергосбыт,NA,mures.ru,РФ (субъект РФ),Мурм. Обл.,Энергоснабжение,8047,7656,808,NA131,235,3,1534,1294,66,41
175,138,Мясная Академия,Диета,meatacademy.ru,"Лауженкова И.Е., Смирнов С.Ю.",СПб,Оптовая торговля FMCG,7977,9171,8,3,2,1,26,24,0,0
176,162,Концерн МПО Гидроприбор,МПОNAГИДРОПРИБОР,gidropribor.ru,РФ (субъект РФ),СПб,IT и приборостроение,7976,7839,903,342,14,12,1214,704,576,383
177,196,АМРЕСТ,"KFC, Pizza Hut",амрест.рф,"AMREST, Польша",СПб,HORECA,7914,6561,266,NA73,0,0,1355,1076,734,574
178,190,Русджам стеклотара холдинг,Русджам,sisecamglasspackaging.comru,Иностранная компания (Нидерланды),Лен. Обл.,Химическая промышленность,7847,6804,1005,NA2032,0,0,1106,806,31,513
179,182,Петербургские апетки,Петербургские аптеки,papteki.ru,РФ (субъект РФ),СПб,Торговля фармацевтической продукцией,7836,6972,37,102,19,29,766,664,34,112
180,173,ОМЗNAСпецсталь,ОМЗ,omzNAspecialsteel.com,ПАО ОМЗ,СПб,Металлургия,7795,7253,NA739,NA707,0,0,1136,966,149,230
181,169,Концерн Океанприбор,NA,oceanpribor.ru,РФ (субъект РФ),СПб,IT и приборостроение,7745,7591,580,618,107,155,1509,1316,861,1338
182,198,Комнедра,Нефтиса,neftisa.ru,НК Нефтиса,Коми,ТЭК,7728,6441,1139,651,301,183,234,178,1174,517
183,193,Пискаревский Молзавод,"Пискаревский, Клевер",klever.ru,Граждане россии,СПб,АПК,7615,6744,452,517,115,130,574,551,159,15
184,168,НКМ Норд,NA,nkmNAnord.com,Nm Nord Investeringar AB (Швеция),СПб,Торговля металлами,7541,7611,635,227,165,69,23,18,0,0
185,175,Сясьский ЦБК,NA,syas.ru,Иностранные компании (Кипр),Лен. Обл.,Деревообрабатывающая промышленность,7483,7161,248,226,0,0,960,602,214,380
186,151,Колванефть,NA,salymneft.ru,Иностранные компании (Кипр),Коми,ТЭК,7443,8494,2229,NA2424,0,370,8,10,347,543
187,163,СФ Алмаз,NA,almaz.spb.ru,"РФ (субъект РФ), Игнатьев Д.И.",СПб,IT и приборостроение,7383,7795,762,1403,135,211,NA,NA,448,0
188,170,Всеволожский завод алюминиевых сплавов,NA,vzas.ru,"European Venchur Investments, UK",СПб,Торговля металлами,7311,7503,10,5,4,3,160,118,0,104
189,NA,АБЗNAДорстрой,NA,abzNA1.ru,Граждане России,СПб,Промышленное строительство,7165,4702,14,69,44,20,164,117,16,9
190,NA,ГК Интерлизинг,Интерлизинг,ileasing.ru,Граждане России,СПб,Финансовые организации,7158,7159,620,139,0,0,205,139,0,0
191,NA,Стройальянс,Стройальянс,stroialians.com,Иностранные компании (Кипр),СПб,Жилищное строительство,7132,1599,61,11,259,0,459,119,104,145
192,NA,Пилон,Пилон,pylon.ru,Граждане России,СПб,Промышленное строительство,7067,4226,36,100,43,1,1407,1003,50,34
193,185,Мурманский морской торговый порт,NA,portmurmansk.ruru,АО СЭУК,Мурм. Обл.,Морской транспорт,7043,6924,3839,3135,836,833,NA,NA,0,0
194,191,ГПК Лэнд,Лэнд,landNAgroup.ru,"Константинов Д.С., Демченко Ю.О.",СПб,FMCG ритейл,6997,6799,315,290,79,70,214,126,0,0
195,152,СевероNAЗападное пароходство,NA,nwship.com,Иностранные компании (Кипр),СПб,Морской транспорт,6992,8475,397,1936,2,3,NA,NA,696,532
196,144,Каркаде,Carcade Лизинг,carcade.com,GETIN HOLDING S A (Польша),Калин. Обл.,Финансовые организации,6970,8932,63,0,101,236,824,1068,6632,12431
197,NA,РубежNAРемстрой,NA,rubezhNArs.ru,Некрасов А.И.,СПб,Промышленное строительство,6919,2257,NA83,43,27,17,NA,NA,NA,NA
198,NA,Ресторансервис Плюс,NA,NA,Иващенко Н.В.,СПб,HORECA,6906,6151,170,120,56,58,913,512,0,0
199,NA,ВЛВ,VLV,vlv39.ru,Иностранные компании (Кипр),Калин. Обл.,IT и приборостроение,6865,3726,NA17,NA9,0,0,14,8,0,4
200,NA,Вологодское мороженное,айсберри,iceberry.ru,Иностранные компании (Кипр),Вол. Обл.,АПК,6863,5292,529,263,101,56,256,169,57,66
201,NA,ТРК Петербург,5 канал,5NAtv.ru,Национальная медиа группа,СПб,Индустрия развлечений,6841,6246,903,670,248,185,1061,1056,290,293
202,184,Евросиб СПБNAТС,Евросиб,eurosib.bizru,Холдинг Евросиб,СПб,ЖДNAтранспорт,6773,6936,515,6,0,0,413,443,239,358
203,NA,СЗППК,РЖД,rzd.ru,ОАО РЖД,СПб,ЖДNAтранспорт,6759,6322,990,842,0,0,1003,1012,389,95
204,NA,ПФ Роскар,Роскар,roskar.ru,Горячев В.П.,Лен. Обл.,АПК,6707,5902,1055,873,7048,4250,819,782,1120,471
205,NA,СК Бриз,Бриз,ckNAbriz.ru,Иностранные компании (Кипр),СПб,Промышленное строительство,6646,6187,3616,3182,813,917,128,122,6,67
206,NA,Атомфлот,Атомфлот,rosatomflot.ru,ГК Росатом,Мурм. Обл.,Морской транспорт,6645,6073,1201,NA85,0,0,3024,2602,5374,1834
207,174,Петрогрупп,NA,pgrpspb.ru,Орлов А.Р.,СПб,Оптовая торговля FMCG,6621,7222,27,39,10,11,3,11,0,0
208,192,Фаэтон NA Топливная сеть номер 1,Фаэтон,faeton.spb.ru,TOP FUEL CORPORATION LIMITED (Китай),СПб,Торговля нефтепродуктами,6580,6782,21,6,5,5,94,NA,0,NA
209,188,Сделай своими руками СевероNAЗапад,OBI,obi.ru,Корпорация OBI,СПб,DIY ритейл,6532,6833,205,407,76,128,445,492,11,23
210,NA,Парфюм,NA,parfum.ru,Граждане России,Лен. Обл.,Оптовая торговля FMCG,6525,6404,49,60,26,21,319,255,19,12
211,NA,Контейнерный Терминал СанктNAПетербург,КТСП,terminalspb.ru,Иностранная компания (Нидерланды),СПб,Морской транспорт,6524,4558,3529,2407,887,602,139,467,1250,546
212,NA,Галактика,"Галактика, Большая кружка",mnogomoloka.ru,Граждане России,СПб,АПК,6520,5822,6,10,4,4,108,108,0,0
213,NA,Морозко,NA,NA,Фейгин А.М.,Лен. Обл.,АПК,6514,5384,146,108,35,27,106,75,17,57
214,78,СЗ Северная верфь,Северная верфь,nordsy.spb.ru,ОСК,СПб,Судостроение,6474,18267,NA449,117,0,0,3605,3163,719,224
215,NA,Юникосметик,Estel,unicosm.ru,Граждане России,СПб,Химическая промышленность,6469,4970,1219,810,310,212,386,295,403,195
216,NA,Центр технологий судостроения и судоремонта,NA,sstc.spb.ru,РФ (субъект РФ),СПб,IT и приборостроение,6458,4787,723,450,262,187,1569,1100,291,195
217,NA,Авангард,NA,avangardNAmb.ru,"Сушинский М.Ю., Миронов О.Д.",СПб,Торговля автомобилями,6427,5785,257,438,29,55,57,22,267,155
218,NA,Нордавиа,Нордавиа,nordavia.ru,"Аэрофлот, Иностранные компании (ЕС)",Арх. Обл.,Авиатранспорт,6427,4860,1725,NA2268,0,0,871,586,206,14
219,99,Стройновация,Стройновация,stroynov.com,Иностранные компании (Кипр),Лен. Обл.,Промышленное строительство,6395,12405,NA1482,324,34,227,575,466,18,9
220,NA,Невский кондитер СПб,Невский кондитер,konditer.net,Граждане России,СПб,АПК,6351,5378,26,3,8,1,31,10,0,0
221,NA,Смерфит Каппа СПб,Smurfit Kappa,smurfitkappa.com,Smurfit Kappa Packaging AB (Швеция),Лен. Обл.,Деревообрабатывающая промышленность,6347,5451,481,250,98,61,377,337,60,108
222,NA,Архангельский траловый флот,NA,oaoatf.ru,"Озерский Д.М., Миргородский М.В.",Арх. Обл.,Морской транспорт,6338,5764,1861,2665,503,478,788,498,331,435
223,NA,Белгранкорм NA ВН,Ясные зори,jasnzori.ru,Холдинг БГК,Нов. Обл.,АПК,6269,5710,774,589,3,3,365,392,28,1
224,NA,ХК СКА,ХК СКА,ska.ru,ПАО Газпром,СПб,Индустрия развлечений,6260,6303,847,179,160,87,3022,3701,47,96
225,NA,Ростерминалуголь,NA,oaoNArtu.ru,Мартиросян К.Г.,Лен. Обл.,Морской транспорт,6238,5542,4586,4472,1116,838,469,435,959,683
226,NA,Севералмаз,Алроса,severalmaz.ru,ПАО Алроса,Арх. Обл.,Добыча полезных ископаемых,6198,5072,NA300,134,0,11,NA,NA,3322,1267
227,200,ГК Севкабель,Севкабель,sevcable.ru,"Орехова А.Д., Владимиров В.Д.",СПб,Химическая промышленность,6186,6411,11,5,4,1,763,701,49,39
228,195,Компания Комплит,Комплит,complete.ru,Курдуга В.В.,СПб,IT и приборостроение,6176,6609,207,1142,993,371,187,203,0,0
229,187,Великоновгородский мясной двор,NA,adept.ru,Лавров А.С.,Нов. Обл.,АПК,6114,6851,92,72,28,28,332,307,0,0
230,176,Петролеспорт,Global Ports,petrolesport.ru,Иностранные компании (Кипр),СПб,Морской транспорт,6108,7158,36194,NA11679,0,0,711,674,314,144
231,146,ННКNAПечоранефть,Печоранефть,pechoraneft.ru,Иностранные компании (Кипр),Арх. Обл.,ТЭК,6073,8806,731,NA3184,27,4,764,682,400,352
232,NA,БазэлЦемент NA Пикалево,Базэл,базэлцементNAпикалево.рф,Холдинг Базэл,Лен. Обл.,Производство строительных материалов,6001,5553,NA90,NA121,0,0,1249,1164,93,77
233,NA,Аристон Термо Русь,Ariston,aristonthermo.com,Корпорация Ariston,Лен. Обл.,IT и приборостроение,5976,5397,411,947,105,254,295,261,119,98
234,178,Инжпетрострой,ИПС,ipstroi.ru,Граждане России,СПб,Промышленное строительство,5959,7108,337,321,87,81,77,75,16,12
235,103,Псковвтормет,Псковвтормет,pskovvtormet.ru,Стечкевич Д.Л. и др.,Псков. Обл.,Металлургия,5948,12071,14,623,101,152,183,161,15,14
236,NA,Концерн ГранитNAЭлектрон,NA,granitNAelectron.ru,РФ (субъект РФ),СПб,IT и приборостроение,5935,5890,597,393,81,148,706,612,219,598
237,NA,ПитNAПродукт,ПитNAПродукт,pitproduct.ru,"AtriaNAInvest Oy, Финляндия",Лен. Обл.,АПК,5873,5735,NA442,NA592,0,0,766,504,145,0
238,NA,ТД Мегаполис,NA,mgpol.ru,Дрейзин М.П.,СПб,Оптовая торговля FMCG,5853,4823,13,9,3,2,227,147,0,0
239,NA,НПП Радар ММС,NA,radarNAmms.com,Граждане России,СПб,IT и приборостроение,5847,5345,701,526,161,163,1905,1704,109,58
240,NA,Рыбообрабатывающий комбинат №1,РОКNA1,rok1group.ru,Граждане России,СПб,АПК,5842,4984,80,69,31,16,375,336,63,29
241,NA,Игристые Вина,Игристые Вина,spbvino.ru,Граждане России,СПб,АПК,5800,4738,154,140,32,69,305,252,98,64
242,NA,Сыктывкарский Тиссью Груп,NA,sgbi.ru,Иностранные компании (Кипр),Коми,Деревообрабатывающая промышленность,5710,4606,189,182,0,0,295,255,218,180
243,NA,СОЮЗNAМ,NA,soyuzcorp.com,Иностранные компании (Кипр),Калин. Обл.,АПК,5680,4731,55,138,0,0,113,75,0,0
244,NA,ТИ ПИ ВИ  СИNAАЙ-ЭС,TPV,tpvholdings.com,Иностранная компания (Нидерланды),СПб,IT и приборостроение,5650,5360,NA299,80,35,8,326,209,0,35
245,NA,Морпорт СПб,NA,seaport.spb.ru,Иностранная компания (Нидерланды),СПб,Морской транспорт,5641,5817,1711,2293,478,599,1369,1328,520,219
246,171,НГNAЭнерго,НГNAЭнерго,ngenergo.ru,"Рудской А.А., Бутвина И.И., Сидоров Д.В.",СПб,Энергоснабжение,5605,7479,35,74,21,31,512,488,72,105
247,NA,Дочерние общества Корпорации Форд,Ford,ford.ru,Корпорация Ford,Лен. Обл.,Производство автомобилей,5597,2394,NA,NA,66,232,1148,1198,582,529
248,NA,Лужский абразивный завод,NA,abrasives.ru,Борисов В.А.,Лен. Обл.,Производство строительных материалов,5511,4760,1788,1634,359,356,956,877,88,128
249,NA,Авангард,Авангард,avangardspb.com,Рябошапка О.В.,Лен. Обл.,Химическая промышленность,5438,4242,98,11,27,10,169,114,0,0
250,186,Специальный технологический центр,NA,stcNAspb.ru,Граждане России,СПб,IT и приборостроение,5347,6919,374,512,101,106,1619,1295,336,0
